{"cameraMode":{"drawMode":0,"name":"Shaded","section":"Shading Mode"},"sceneLighting":true,"audioPlay":false,"sceneViewState":{"showFog":true,"showMaterialUpdate":false,"showSkybox":true,"showFlares":true,"showImageEffects":true,"showParticleSystems":true},"in2DMode":false,"pivot":{"x":-95.94149780273438,"y":-149.56448364257813,"z":-161.09506225585938},"rotation":{"x":0.05729689821600914,"y":-0.9322247505187988,"z":0.16993574798107148,"w":0.3143182396888733},"size":841.637939453125,"orthographic":false}